organisation_id,subsidiary_id,organisation_name,trading_name,companies_house_number,home_nation_code,main_activity_sic,organisation_type_code,organisation_sub_type_code,packaging_activity_so,packaging_activity_pf,packaging_activity_im,packaging_activity_se,packaging_activity_hl,packaging_activity_om,packaging_activity_sl,registration_type_code,turnover,total_tonnage,produce_blank_packaging_flag,liable_for_disposal_costs_flag,meet_reporting_requirements_flag,registered_addr_line1,registered_addr_line2,registered_city,registered_addr_county,registered_addr_postcode,registered_addr_country,registered_addr_phone_number,audit_addr_line1,audit_addr_line2,audit_addr_city,audit_addr_county,audit_addr_postcode,audit_addr_country,service_of_notice_addr_line1,service_of_notice_addr_line2,service_of_notice_addr_city,service_of_notice_addr_county,service_of_notice_addr_postcode,service_of_notice_addr_country,service_of_notice_addr_phone_number,principal_addr_line1,principal_addr_line2,principal_addr_city,principal_addr_county,principal_addr_postcode,principal_addr_country,principal_addr_phone_number,sole_trader_first_name,sole_trader_last_name,sole_trader_phone_number,sole_trader_email,approved_person_first_name,approved_person_last_name,approved_person_phone_number,approved_person_email,approved_person_job_title,delegated_person_first_name,delegated_person_last_name,delegated_person_phone_number,delegated_person_email,delegated_person_job_title,primary_contact_person_first_name,primary_contact_person_last_name,primary_contact_person_phone_number,primary_contact_person_email,primary_contact_person_job_title,secondary_contact_person_first_name,secondary_contact_person_last_name,secondary_contact_person_phone_number,secondary_contact_person_email,secondary_contact_person_job_title,organisation_size,leaver_code,leaver_date,organisation_change_reason,joiner_date
100016,,BRAMBLEWOOD PACKAGING LTD,,11000001,EN,,LTD,,No,Primary,Secondary,No,No,No,No,GR,8500000,320,No,Yes,Yes,14 Foundry Road,,Manchester,Greater Manchester,M4 5JD,United Kingdom,01614960101,,,,,,,,,,,,,,,,,,,,,,,,,James,Carter,01614960101,ahmed.hussein+dev9+1782714701839+98807-DONT_USE@equalexperts.com,Director,,,,,,James,Carter,01614960101,ahmed.hussein+dev9+1782714701839+98807-DONT_USE@equalexperts.com,Director,,,,,,L,,,,
100016,100026,BRAMBLEWOOD PACKAGING (NORTH) LTD,,11000011,EN,,LTD,,No,Primary,Secondary,No,No,No,No,IN,2600000,95,No,Yes,Yes,14 Foundry Road,,Manchester,Greater Manchester,M4 5JD,United Kingdom,01614960101,,,,,,,,,,,,,,,,,,,,,,,,,James,Carter,01614960101,ahmed.hussein+dev9+1782714701839+98807-DONT_USE@equalexperts.com,Director,,,,,,James,Carter,01614960101,ahmed.hussein+dev9+1782714701839+98807-DONT_USE@equalexperts.com,Director,,,,,,L,,,,
100016,100027,BRAMBLEWOOD PACKAGING (SOUTH) LTD,,11000012,EN,,LTD,,No,Primary,Secondary,No,No,No,No,IN,2150000,78,No,Yes,Yes,14 Foundry Road,,Manchester,Greater Manchester,M4 5JD,United Kingdom,01614960101,,,,,,,,,,,,,,,,,,,,,,,,,James,Carter,01614960101,ahmed.hussein+dev9+1782714701839+98807-DONT_USE@equalexperts.com,Director,,,,,,James,Carter,01614960101,ahmed.hussein+dev9+1782714701839+98807-DONT_USE@equalexperts.com,Director,,,,,,L,,,,
100017,,SILVERDALE FOODS LTD,,11000002,EN,,LTD,,No,Primary,Secondary,No,No,No,No,GR,12300000,540,No,Yes,Yes,22 Harbour Street,,Bristol,Bristol,BS1 6QU,United Kingdom,01179460102,,,,,,,,,,,,,,,,,,,,,,,,,Sophie,Turner,01179460102,ahmed.hussein+dev9+1782714726947+48306-DONT_USE@equalexperts.com,Director,,,,,,Sophie,Turner,01179460102,ahmed.hussein+dev9+1782714726947+48306-DONT_USE@equalexperts.com,Director,,,,,,L,,,,
100017,100028,SILVERDALE FOODS DISTRIBUTION LTD,,11000013,EN,,LTD,,No,Primary,Secondary,No,No,No,No,IN,3400000,140,No,Yes,Yes,22 Harbour Street,,Bristol,Bristol,BS1 6QU,United Kingdom,01179460102,,,,,,,,,,,,,,,,,,,,,,,,,Sophie,Turner,01179460102,ahmed.hussein+dev9+1782714726947+48306-DONT_USE@equalexperts.com,Director,,,,,,Sophie,Turner,01179460102,ahmed.hussein+dev9+1782714726947+48306-DONT_USE@equalexperts.com,Director,,,,,,L,,,,
100017,100029,SILVERDALE FOODS RETAIL LTD,,11000014,EN,,LTD,,No,Primary,Secondary,No,No,No,No,IN,2850000,110,No,Yes,Yes,22 Harbour Street,,Bristol,Bristol,BS1 6QU,United Kingdom,01179460102,,,,,,,,,,,,,,,,,,,,,,,,,Sophie,Turner,01179460102,ahmed.hussein+dev9+1782714726947+48306-DONT_USE@equalexperts.com,Director,,,,,,Sophie,Turner,01179460102,ahmed.hussein+dev9+1782714726947+48306-DONT_USE@equalexperts.com,Director,,,,,,L,,,,
100018,,TIDELINE BEVERAGES LTD,,11000003,EN,,LTD,,No,Primary,Secondary,No,No,No,No,IN,6750000,210,No,Yes,Yes,8 Quayside Way,,Plymouth,Devon,PL1 3JN,United Kingdom,01752960103,,,,,,,,,,,,,,,,,,,,,,,,,Daniel,Clarke,01752960103,ahmed.hussein+dev9+1782714740443+61628-DONT_USE@equalexperts.com,Director,,,,,,Daniel,Clarke,01752960103,ahmed.hussein+dev9+1782714740443+61628-DONT_USE@equalexperts.com,Director,,,,,,L,,,,
100019,,COPPERGATE HOMEWARES LTD,,11000004,EN,,LTD,,No,Primary,Secondary,No,No,No,No,IN,15900000,680,No,Yes,Yes,5 Forge Lane,,Sheffield,South Yorkshire,S1 2BJ,United Kingdom,01142960104,,,,,,,,,,,,,,,,,,,,,,,,,Emily,Foster,01142960104,ahmed.hussein+dev9+1782714811219+93870-DONT_USE@equalexperts.com,Director,,,,,,Emily,Foster,01142960104,ahmed.hussein+dev9+1782714811219+93870-DONT_USE@equalexperts.com,Director,,,,,,L,,,,
100020,,FERNLEIGH COSMETICS LTD,,11000005,EN,,LTD,,No,Primary,Secondary,No,No,No,No,IN,5200000,118,No,Yes,Yes,31 Orchard Grove,,Brighton,East Sussex,BN1 4GH,United Kingdom,01273960105,,,,,,,,,,,,,,,,,,,,,,,,,Michael,Reid,01273960105,ahmed.hussein+dev9+1782714821734+90170-DONT_USE@equalexperts.com,Director,,,,,,Michael,Reid,01273960105,ahmed.hussein+dev9+1782714821734+90170-DONT_USE@equalexperts.com,Director,,,,,,L,,,,
